Boonsri-Kannika-Sakda-Chai-Busarakhan-Somchair-Kohsoom,11
Boonsri-Kohsoom-Chai-Busarakhan-Somchair-Kannika-Sakda,8
Boonsri-Kannika-Sakda-Busarakhan-Somchair-Chai-Kohsoom,4
Boonsri-Chai-Kannika,4
Boonsri-Kannika-Sakda-Chai-Kohsoom-Busarakhan-Somchair,3
Boonsri-Kohsoom-Chai-Somchair-Busarakhan-Kannika-Sakda,3
Chai-Kannika-Busarakhan-Kohsoom-Somchair-Sakda-Boonsri,3
Chai-Busarakhan-Somchair-Boonsri-Kohsoom-Kannika-Sakda,2
Chai-Boonsri-Sakda-Busarakhan-Somchair-Kannika-Kohsoom,2
Boonsri-Chai-Kannika-Sakda-Busarakhan-Somchair-Kohsoom,2
Kannika-Boonsri-Sakda-Chai-Busarakhan-Somchair-Kohsoom,2
Boonsri-Kohsoom-Chai-Somchair-Sakda-Busarakhan-Kannika,2
Boonsri-Kannika-Sakda-Chai-Somchair-Busarakhan-Kohsoom,2
Boonsri-Chai-Busarakhan-Somchair-Kannika-Sakda-Kohsoom,2
Boonsri-Kannika-Chai,2
Boonsri-Kannika-Sakda-Chai-Busarakhan-Kohsoom-Somchair,2
Boonsri-Chai-Kannika-Sakda-Busarakhan-Kohsoom-Somchair,2
Boonsri-Sakda-Kannika-Chai-Somchair-Busarakhan-Kohsoom,2
Boonsri-Kohsoom-Kannika-Chai-Sakda-Busarakhan-Somchair,1
Boonsri-Kannika-Chai-Sakda-Busarakhan-Kohsoom-Somchair,1
Busarakhan-Somchair-Boonsri-Chai-Kohsoom-Sakda,1
Tansanee-Chai-Kannika-Sakda-Achara-Decha-Kohsoom-Boonsri,1
Kannika-Sakda-Busarakhan-Somchair-Chai-Boonsri-Achara-Decha-Kohsoom,1
Chai-Busarakhan-Somchair-Boonsri-Sakda-Kannika-Kohsoom,1
Kohsoom-Boonsri-Busarakhan-Somchair-Chai-Kannika-Sakda,1
Boonsri-Achara-Kannika-Sakda-Chai-Decha-Kohsoom-Busarakhan-Somchair-Tansanee,1
Boonsri-Chai-Kannika-Sakda-Kohsoom-Busarakhan-Somchair,1
Boonsri-Chai-Busarakhan-Somchair-Kohsoom-Sakda-Kannika,1
Chai-Boonsri-Sakda-Kannika-Busarakhan-Somchair-Kohsoom,1
Tansanee-Kannika-Boonsri-Sakda-Achara-Kohsoom-Decha-Chai-Busarakhan-Somchair,1
Chai-Sakda-Kannika-Boonsri-Busarakhan-Somchair-Kohsoom,1
Sakda-Tansanee-Achara-Kohsoom-Kannika-Chai-Decha-Boonsri,1
Chai-Kohsoom-Busarakhan-Somchair-Sakda-Kannika,1
Boonsri-Kohsoom-Somchair-Chai-Busarakhan-Sakda-Kannika,1
Busarakhan-Kannika-Sakda,1
Chai-Tansanee-Achara-Decha-Kohsoom-Boonsri-Busarakhan-Somchair,1
Chai-Busarakhan-Somchair-Sakda-Kannika-Achara-Boonsri-Decha-Kohsoom-Tansanee,1
Boonsri-Tansanee-Busarakhan-Somchair-Achara-Chai-Kannika-Sakda-Kohsoom-Decha,1
Boonsri-Kohsoom-Somchair-Chai-Busarakhan-Kannika-Sakda,1
Chai-Tansanee-Achara-Boonsri-Kannika-Sakda-Decha-Kohsoom-Somchair-Busarakhan,1
Tansanee-Chai-Kannika-Achara-Sakda-Busarakhan-Somchair-Boonsri-Decha-Kohsoom,1
Chai-Tansanee-Kohsoom-Busarakhan-Somchair-Kannika-Sakda-Achara-Boonsri-Decha,1
Kannika-Chai-Boonsri-Sakda-Decha-Busarakhan-Somchair-Achara-Tansanee-Kohsoom,1
Tansanee-Busarakhan-Somchair-Decha-Achara-Chai-Kannika-Sakda-Kohsoom-Boonsri,1
Busarakhan-Somchair-Chai-Kannika-Boonsri-Sakda-Kohsoom,1
Boonsri-Kannika-Chai-Sakda-Kohsoom-Busarakhan-Somchair,1
Sakda-Kannika-Chai,1
Tansanee-Chai-Kannika-Boonsri-Sakda-Busarakhan-Decha-Somchair-Achara-Kohsoom,1
Kohsoom-Boonsri-Kannika-Sakda-Busarakhan-Somchair-Chai,1
Tansanee-Kannika-Sakda-Achara-Chai-Decha-Busarakhan-Somchair-Kohsoom-Boonsri,1
Chai-Busarakhan-Boonsri-Somchair-Decha-Kannika-Sakda-Achara-Tansanee-Kohsoom,1
Busarakhan-Somchair-Achara-Chai-Decha-Tansanee-Boonsri-Kannika-Sakda-Kohsoom,1
Busarakhan-Somchair-Tansanee-Chai-Boonsri-Achara-Kannika-Sakda-Decha-Kohsoom,1
Kannika-Sakda-Boonsri-Chai-Decha-Busarakhan-Somchair-Achara-Tansanee-Kohsoom,1
Boonsri-Kannika-Chai-Busarakhan-Kohsoom-Somchair-Sakda,1
Tansanee-Chai-Sakda-Boonsri-Kannika-Decha-Achara-Busarakhan-Somchair-Kohsoom,1
Boonsri-Busarakhan-Somchair-Kannika-Sakda-Chai-Kohsoom,1
Boonsri-Chai-Kannika-Somchair-Busarakhan-Sakda-Kohsoom,1
Boonsri-Chai-Kannika-Kohsoom-Busarakhan-Somchair-Sakda,1
Chai-Busarakhan-Somchair-Boonsri-Sakda-Kannika,1
Somchair-Kannika-Busarakhan-Sakda-Chai-Boonsri-Decha-Achara-Tansanee-Kohsoom,1
Busarakhan-Somchair-Tansanee-Chai-Kannika-Sakda-Boonsri-Achara-Decha-Kohsoom,1
Chai-Decha-Busarakhan-Somchair-Kannika-Sakda-Achara-Boonsri-Tansanee-Kohsoom,1
Tansanee-Sakda-Boonsri-Kannika-Achara-Decha-Kohsoom-Chai-Somchair-Busarakhan,1
Boonsri-Kannika-Sakda-Busarakhan-Somchair-Tansanee-Chai-Achara-Decha-Kohsoom,1
Chai-Boonsri-Kannika-Busarakhan-Somchair-Tansanee-Sakda-Decha-Achara-Kohsoom,1
Chai-Decha-Busarakhan-Somchair-Tansanee-Kannika-Sakda-Achara-Boonsri-Kohsoom,1
Kannika-Boonsri-Sakda-Chai-Kohsoom-Busarakhan-Somchair,1
Boonsri-Sakda-Kannika-Busarakhan-Somchair-Chai-Kohsoom,1
Boonsri-Chai-Busarakhan-Somchair-Kohsoom-Kannika-Sakda,1
Tansanee-Achara-Decha-Chai-Kannika-Sakda-Boonsri-Busarakhan-Somchair-Kohsoom,1
Chai-Kannika-Busarakhan-Somchair-Boonsri-Sakda-Achara-Tansanee-Decha-Kohsoom,1
Kannika-Sakda-Boonsri-Chai-Tansanee-Achara-Decha-Busarakhan-Somchair-Kohsoom,1
Boonsri-Kannika-Sakda-Tansanee-Achara-Decha-Chai-Busarakhan-Somchair-Kohsoom,1
Boonsri-Kohsoom-Chai-Somchair-Kannika-Sakda,1
Boonsri-Sakda-Kohsoom-Kannika-Chai-Busarakhan-Somchair,1
Chai-Tansanee-Kannika-Sakda-Achara-Decha-Kohsoom-Boonsri-Busarakhan-Somchair,1
Chai-Kannika-Sakda-Tansanee-Decha-Kohsoom-Achara-Boonsri,1
Boonsri-Kannika-Sakda-Tansanee-Chai-Achara-Decha-Kohsoom-Busarakhan-Somchair,1
Kannika-Sakda-Chai-Tansanee-Boonsri-Busarakhan-Somchair-Decha-Achara-Kohsoom,1
Somchair-Busarakhan-Achara-Chai-Decha-Boonsri-Kohsoom,1
Somchair-Busarakhan-Kannika-Sakda-Chai-Achara-Boonsri-Tansanee-Decha-Kohsoom,1
Busarakhan-Somchair-Chai-Kannika-Sakda-Tansanee-Boonsri-Decha-Achara-Kohsoom,1
Boonsri-Kohsoom-Chai-Sakda-Busarakhan-Somchair-Kannika,1
Chai-Kannika-Boonsri-Sakda-Busarakhan-Somchair-Kohsoom,1
Boonsri-Chai-Busarakhan-Somchair-Kohsoom-Decha-Tansanee-Kannika-Sakda-Achara,1
Boonsri-Kohsoom-Sakda-Kannika-Somchair-Busarakhan-Chai,1
Tansanee-Chai-Kannika-Sakda-Achara-Decha-Boonsri-Busarakhan-Somchair-Kohsoom,1
Tansanee-Boonsri-Chai-Busarakhan-Somchair-Decha-Kannika-Sakda-Achara-Kohsoom,1
Chai-Boonsri-Somchair-Kannika-Busarakhan-Sakda-Kohsoom,1
Chai-Boonsri-Sakda-Kohsoom-Kannika-Busarakhan-Somchair,1
Tansanee-Kannika-Sakda-Achara-Decha-Busarakhan-Somchair-Kohsoom-Boonsri-Chai,1
Sakda-Chai-Kannika-Busarakhan-Somchair-Boonsri-Decha-Achara-Kohsoom-Tansanee,1
Chai-Boonsri-Kannika-Sakda-Kohsoom,1
Sakda-Chai-Kannika-Boonsri-Decha-Busarakhan-Somchair-Kohsoom-Tansanee-Achara,1
Boonsri-Chai-Busarakhan-Kohsoom-Somchair-Kannika-Sakda,1
Boonsri-Chai-Kannika-Sakda-Kohsoom,1
Boonsri-Kohsoom-Chai-Kannika-Busarakhan-Somchair-Sakda,1
Chai-Tansanee-Decha-Kannika-Sakda-Achara-Somchair-Busarakhan-Boonsri-Kohsoom,1
Chai-Boonsri-Sakda-Busarakhan-Somchair-Kohsoom-Kannika,1
Boonsri-Chai-Kannika-Busarakhan-Somchair-Sakda-Kohsoom,1
Boonsri-Sakda-Kannika-Chai-Kohsoom-Busarakhan-Somchair,1
Chai-Boonsri-Somchair-Busarakhan-Sakda-Kannika-Kohsoom,1
Sakda-Kannika-Boonsri-Chai-Kohsoom-Busarakhan-Somchair,1
Kannika-Sakda-Decha-Achara-Kohsoom-Boonsri-Tansanee-Chai-Busarakhan-Somchair,1
Boonsri-Kohsoom-Sakda-Kannika-Busarakhan-Somchair-Chai,1
Chai-Kannika-Sakda-Tansanee-Achara-Kohsoom-Decha-Boonsri-Busarakhan-Somchair,1
Kannika-Sakda-Tansanee-Achara-Decha-Chai-Busarakhan-Somchair-Boonsri-Kohsoom,1
Boonsri-Kannika-Sakda-Busarakhan-Somchair-Chai-Achara-Decha-Kohsoom,1
Boonsri-Chai-Sakda-Kannika-Kohsoom-Busarakhan-Somchair,1
Kannika-Chai-Tansanee-Decha-Sakda-Busarakhan-Somchair-Achara-Boonsri-Kohsoom,1
Chai-Kannika-Sakda-Tansanee-Somchair-Busarakhan-Boonsri-Decha-Achara-Kohsoom,1
Kannika-Boonsri-Sakda-Busarakhan-Somchair-Chai-Kohsoom,1
Tansanee-Chai-Achara-Busarakhan-Somchair-Kannika-Sakda-Boonsri-Decha-Kohsoom,1
Boonsri-Tansanee-Busarakhan-Achara-Decha-Somchair-Kannika-Chai-Sakda-Kohsoom,1
Boonsri-Chai-Somchair-Busarakhan-Kannika-Sakda-Kohsoom,1
Chai-Sakda-Achara-Kannika-Boonsri-Tansanee-Decha-Busarakhan-Somchair-Kohsoom,1
Boonsri-Chai-Busarakhan-Somchair-Sakda-Kannika-Kohsoom,1
Boonsri-Chai-Busarakhan-Somchair-Sakda-Kohsoom,1
Boonsri-Kohsoom-Sakda-Busarakhan-Kannika-Chai-Somchair,1
Chai-Decha-Tansanee-Kannika-Sakda-Busarakhan-Somchair-Achara-Kohsoom-Boonsri,1
Sakda-Boonsri-Kannika-Chai-Kohsoom-Busarakhan-Somchair,1
Chai-Somchair-Busarakhan-Boonsri-Sakda-Kohsoom-Kannika,1
Achara-Tansanee-Decha-Kannika-Sakda-Chai-Kohsoom-Boonsri,1
Tansanee-Sakda-Achara-Chai-Decha-Busarakhan-Somchair-Boonsri-Kohsoom-Kannika,1
Busarakhan-Somchair-Boonsri-Kannika-Sakda-Chai-Kohsoom,1
Kannika-Chai-Busarakhan-Somchair-Sakda-Boonsri-Achara-Decha-Kohsoom-Tansanee,1
Tansanee-Chai-Kannika-Achara-Sakda-Boonsri-Decha-Busarakhan-Somchair-Kohsoom,1
Boonsri-Kohsoom-Chai-Busarakhan-Somchair-Sakda-Kannika,1
Busarakhan-Somchair-Kannika-Chai-Sakda-Boonsri-Achara-Decha-Kohsoom-Tansanee,1
Boonsri-Kannika-Sakda-Achara-Chai-Tansanee-Decha-Kohsoom-Busarakhan-Somchair,1
Chai-Kannika-Sakda-Busarakhan-Decha-Somchair-Kohsoom-Achara-Boonsri-Tansanee,1
Chai-Boonsri-Kannika-Achara-Sakda-Decha-Tansanee-Busarakhan-Somchair-Kohsoom,1
Chai-Boonsri-Kannika-Decha-Achara-Sakda-Somchair-Busarakhan-Tansanee-Kohsoom,1
Tansanee-Boonsri-Kannika-Achara-Sakda-Chai-Decha-Kohsoom-Busarakhan-Somchair,1
Chai-Kannika-Sakda-Achara-Decha-Boonsri-Kohsoom,1
Chai-Boonsri-Kohsoom-Kannika-Sakda-Busarakhan-Somchair,1
Boonsri-Kohsoom-Sakda-Chai-Kannika-Busarakhan-Somchair,1
Chai-Kannika-Sakda-Boonsri-Busarakhan-Somchair-Kohsoom,1
Kannika-Sakda-Busarakhan-Somchair-Tansanee-Decha-Achara-Boonsri-Chai-Kohsoom,1
Busarakhan-Somchair-Chai-Achara-Kannika-Sakda-Boonsri-Decha-Kohsoom-Tansanee,1
Chai-Boonsri-Kannika-Sakda-Decha-Busarakhan-Somchair-Achara-Kohsoom,1
Chai-Kannika-Sakda-Boonsri-Busarakhan-Kohsoom-Somchair,1
Kannika-Sakda-Busarakhan-Somchair-Chai-Boonsri-Kohsoom,1
Boonsri-Kannika-Tansanee-Sakda-Decha-Kohsoom-Achara-Chai-Busarakhan-Somchair,1
Chai-Tansanee-Achara-Kannika-Sakda-Decha-Somchair-Busarakhan-Boonsri-Kohsoom,1
Tansanee-Chai-Boonsri-Kannika-Sakda-Achara-Decha-Kohsoom-Busarakhan-Somchair,1
Chai-Kannika-Sakda-Boonsri-Somchair-Busarakhan-Tansanee-Achara-Kohsoom-Decha,1
Chai-Kannika-Sakda-Decha-Achara-Boonsri-Kohsoom-Busarakhan-Somchair-Tansanee,1
Kannika-Tansanee-Sakda-Achara-Busarakhan-Somchair-Kohsoom-Boonsri-Decha-Chai,1
Sakda-Chai-Boonsri-Kohsoom-Busarakhan-Somchair-Kannika,1
Chai-Boonsri-Kannika-Sakda-Kohsoom-Busarakhan-Somchair,1
Busarakhan-Somchair-Kannika-Sakda-Decha-Boonsri-Tansanee-Achara-Chai-Kohsoom,1
Busarakhan-Somchair-Tansanee-Kannika-Sakda-Decha-Chai-Boonsri-Achara-Kohsoom,1
Tansanee-Kannika-Sakda-Achara-Decha-Kohsoom-Boonsri-Chai-Busarakhan-Somchair,1
Busarakhan-Somchair-Boonsri-Chai-Kannika-Sakda-Tansanee-Decha-Kohsoom-Achara,1
Achara-Kannika-Sakda-Tansanee-Chai-Decha-Busarakhan-Somchair-Kohsoom-Boonsri,1
Tansanee-Boonsri-Chai-Kannika-Sakda-Decha-Achara-Busarakhan-Somchair-Kohsoom,1
Tansanee-Achara-Chai-Kannika-Sakda-Boonsri-Decha-Kohsoom-Busarakhan-Somchair,1
Chai-Sakda-Boonsri-Kannika-Somchair-Busarakhan-Tansanee-Decha-Kohsoom-Achara,1
Chai-Tansanee-Sakda-Somchair-Busarakhan-Boonsri-Kannika-Achara-Decha-Kohsoom,1
Chai-Boonsri-Busarakhan-Somchair-Kannika-Sakda-Kohsoom,1
Boonsri-Chai-Busarakhan-Somchair-Sakda-Kohsoom-Kannika,1
Boonsri-Kannika-Decha-Sakda-Achara-Chai-Busarakhan-Somchair-Tansanee-Kohsoom,1
Boonsri-Sakda-Chai-Kannika-Achara-Decha-Kohsoom-Tansanee-Busarakhan-Somchair,1
Kannika-Sakda-Chai-Boonsri-Kohsoom-Busarakhan-Somchair,1
Chai-Decha-Achara-Boonsri-Tansanee-Kannika-Sakda-Kohsoom-Busarakhan-Somchair,1
Boonsri-Kohsoom-Chai-Somchair-Sakda-Kannika-Busarakhan,1
Boonsri-Chai-Kohsoom-Kannika-Sakda-Busarakhan-Somchair,1
Kannika-Busarakhan-Somchair-Boonsri-Chai-Decha-Sakda-Tansanee-Achara-Kohsoom,1
Boonsri-Kohsoom,1
Chai-Kannika-Sakda-Tansanee-Busarakhan-Somchair-Decha-Boonsri-Achara-Kohsoom,1
Kannika-Sakda-Tansanee-Chai-Boonsri-Decha-Busarakhan-Somchair-Achara-Kohsoom,1
Tansanee-Chai-Sakda-Kannika-Decha-Achara-Boonsri-Kohsoom-Busarakhan-Somchair,1
Somchair-Busarakhan-Boonsri-Chai-Kohsoom-Kannika-Sakda,1
Chai-Busarakhan-Somchair-Tansanee-Kannika-Sakda-Achara-Decha-Kohsoom-Boonsri,1
Kannika-Sakda-Boonsri-Chai-Tansanee-Achara-Decha-Kohsoom-Busarakhan-Somchair,1
Busarakhan-Somchair-Chai-Kannika-Sakda-Boonsri-Kohsoom,1
Chai-Boonsri-Somchair-Kannika-Busarakhan-Sakda-Achara-Decha-Kohsoom-Tansanee,1
Somchair-Busarakhan-Chai-Achara-Tansanee-Kannika-Sakda-Decha-Boonsri-Kohsoom,1
Busarakhan-Somchair-Boonsri-Chai-Kannika-Sakda-Kohsoom,1
Boonsri-Kohsoom-Kannika-Sakda-Chai-Busarakhan-Somchair,1
Achara-Tansanee-Chai-Decha-Kannika-Sakda-Busarakhan-Somchair-Boonsri-Kohsoom,1
Boonsri-Kohsoom-Kannika-Sakda,1
Busarakhan-Somchair-Kannika-Sakda-Boonsri-Chai-Kohsoom,1
Boonsri-Kannika-Chai-Sakda-Kohsoom-Somchair,1
Boonsri-Chai-Sakda-Kannika-Busarakhan-Somchair-Kohsoom,1
Boonsri-Kohsoom-Somchair-Chai-Sakda-Kannika,1
