Boonsri-Kannika-Chai-Busarakhan-Kohsoom,21
Boonsri-Kohsoom-Chai-Busarakhan-Kannika,17
Chai-Kannika-Boonsri-Busarakhan-Kohsoom,11
Boonsri-Kannika-Chai-Kohsoom-Busarakhan,10
Chai-Boonsri-Kannika-Busarakhan-Kohsoom,9
Boonsri-Chai-Kannika-Busarakhan-Kohsoom,8
Chai-Kannika-Busarakhan-Boonsri-Kohsoom,8
Boonsri-Kannika-Busarakhan-Chai-Kohsoom,7
Busarakhan-Chai-Kannika-Boonsri-Kohsoom,6
Boonsri-Chai-Busarakhan-Kohsoom-Kannika,5
Boonsri-Chai-Busarakhan-Kannika-Kohsoom,5
Chai-Kannika-Busarakhan-Kohsoom-Boonsri,5
Chai-Busarakhan-Boonsri-Kohsoom-Kannika,4
Chai-Boonsri-Busarakhan-Kannika-Kohsoom,4
Boonsri-Chai-Kannika-Kohsoom-Busarakhan,4
Chai-Busarakhan-Kannika-Boonsri-Kohsoom,4
Kannika-Boonsri-Chai-Busarakhan-Kohsoom,4
Boonsri-Chai-Kannika,4
Chai-Boonsri-Kannika-Kohsoom-Busarakhan,4
Boonsri-Kohsoom-Kannika-Chai-Busarakhan,3
Kannika-Boonsri-Chai-Kohsoom-Busarakhan,3
Chai-Kannika-Boonsri-Kohsoom-Busarakhan,3
Kannika-Chai-Boonsri-Busarakhan-Kohsoom,3
Busarakhan-Kannika-Chai-Boonsri-Kohsoom,3
Kannika-Busarakhan-Chai-Boonsri-Kohsoom,3
Chai-Busarakhan-Boonsri-Kannika-Kohsoom,3
Kannika-Chai-Busarakhan-Boonsri-Kohsoom,3
Boonsri-Kohsoom-Chai-Kannika-Busarakhan,3
Busarakhan-Boonsri-Chai-Kannika-Kohsoom,2
Busarakhan-Chai-Boonsri-Kannika-Kohsoom,2
Kannika-Busarakhan-Kohsoom-Boonsri-Chai,2
Kannika-Chai-Busarakhan-Kohsoom-Boonsri,2
Chai-Boonsri-Kohsoom-Kannika-Busarakhan,2
Boonsri-Kannika-Chai,2
Boonsri-Kohsoom-Kannika-Busarakhan-Chai,2
Boonsri-Busarakhan-Kannika-Chai-Kohsoom,2
Boonsri-Kohsoom-Chai-Kannika,2
Chai-Kannika-Kohsoom-Boonsri,2
Kannika-Kohsoom-Boonsri-Chai-Busarakhan,2
Kannika-Busarakhan-Boonsri-Chai-Kohsoom,2
Busarakhan-Kannika-Boonsri-Chai-Kohsoom,2
Boonsri-Kannika-Kohsoom-Chai-Busarakhan,2
Chai-Kannika-Kohsoom-Boonsri-Busarakhan,2
Boonsri-Kohsoom-Kannika,1
Busarakhan-Boonsri-Chai-Kohsoom-Kannika,1
Boonsri-Kannika-Chai-Kohsoom,1
Boonsri-Busarakhan-Chai-Kannika-Kohsoom,1
Boonsri-Chai-Busarakhan-Kohsoom,1
Chai-Busarakhan-Kannika-Kohsoom-Boonsri,1
Busarakhan-Boonsri-Kannika-Chai-Kohsoom,1
Chai-Kohsoom-Busarakhan-Kannika,1
Kohsoom-Boonsri-Kannika-Busarakhan-Chai,1
Kannika-Chai-Kohsoom-Boonsri,1
Chai-Kannika-Boonsri-Kohsoom,1
Busarakhan-Boonsri-Chai-Kohsoom,1
Chai-Boonsri-Busarakhan-Kohsoom-Kannika,1
Boonsri-Chai-Kannika-Kohsoom,1
Boonsri-Kohsoom-Busarakhan-Kannika-Chai,1
Kannika-Chai-Boonsri-Kohsoom-Busarakhan,1
Boonsri-Kohsoom,1
Chai-Boonsri-Kannika-Kohsoom,1
Chai-Kohsoom-Boonsri-Busarakhan,1
Boonsri-Chai-Kohsoom-Kannika-Busarakhan,1
Kannika-Boonsri-Kohsoom-Chai-Busarakhan,1
Chai-Kohsoom-Busarakhan-Kannika-Boonsri,1
Kohsoom-Kannika-Chai-Boonsri,1
Busarakhan-Chai-Boonsri-Kohsoom,1
Kannika-Boonsri-Busarakhan-Chai-Kohsoom,1
Chai-Boonsri-Kohsoom-Busarakhan-Kannika,1
Busarakhan-Chai-Kannika-Kohsoom-Boonsri,1
Kannika-Chai,1
Kohsoom-Boonsri-Busarakhan-Chai-Kannika,1
Chai-Busarakhan-Boonsri-Kannika,1
Busarakhan-Kannika,1
